Structure [idcode],MolRegNo,m,Value,Concentration,Unit,Type,pIC50,Ligand Efficiency,Binding Efficiency,Surface Efficiency,Assay Category,Assay Organism,Target ID,Target Name,Target Organism,Target Description,Sequence Accession,Reference,Pubmed ID,DOI,Smiles,Column1
foAab@B\ehFHdrkmrtYYt@EMMB@@,371869,=,50,0.00000005,M,IC50,7.301029996,0.66,27.24,13.95,,SARS coronavirus,20012,SARS coronavirus 3C-like proteinase,SARS coronavirus,Target is a single protein chain,P0C6U8,"J. Med. Chem. 50 (8), 1850-1864 (2007)",17381079,10.1021/jm061425k,O=C(c1ccco1)Oc1cc(Br)cnc1,
foAab@B\ehDPdrkmrtYYt@EMMB@@,371859,=,60,0.00000006,M,IC50,7.22184875,0.66,32.3,13.8,,SARS coronavirus,20012,SARS coronavirus 3C-like proteinase,SARS coronavirus,Target is a single protein chain,P0C6U8,"J. Med. Chem. 50 (8), 1850-1864 (2007)",17381079,10.1021/jm061425k,O=C(c1ccco1)Oc1cc(Cl)cnc1,
ffcaa@B\ehDQVHRYUvyWe^cKNrV@Bffh@HP@@,371749,=,63,0.000000063,M,IC50,7.200659451,0.45,21.55,13.76,,SARS coronavirus,20012,SARS coronavirus 3C-like proteinase,SARS coronavirus,Target is a single protein chain,P0C6U8,"J. Med. Chem. 50 (8), 1850-1864 (2007)",17381079,10.1021/jm061425k,O=C(c1ccc(-c(cc2)ccc2Cl)o1)Oc1cc(Cl)cnc1,
fluPb@BZyHDPdrkmrjmFV]EL@EMM@@@@@,371893,=,65,0.000000065,M,IC50,7.187086643,0.52,26.36,13.07,,SARS coronavirus,20012,SARS coronavirus 3C-like proteinase,SARS coronavirus,Target is a single protein chain,P0C6U8,"J. Med. Chem. 50 (8), 1850-1864 (2007)",17381079,10.1021/jm061425k,O=C(c1cc(cccc2)c2[nH]1)Oc1cc(Cl)cnc1,
flu`a@B\dBHtDILj{\jkQegQS@ASSP@@@@,371903,=,95,0.000000095,M,IC50,7.022276395,0.5,24.24,17.92,,SARS coronavirus,20012,SARS coronavirus 3C-like proteinase,SARS coronavirus,Target is a single protein chain,P0C6U8,"J. Med. Chem. 50 (8), 1850-1864 (2007)",17381079,10.1021/jm061425k,O=C(c1cc(cccc2)c2s1)Oc1cc(Cl)cnc1,
fluab@B\ehDPdrkmrjmFV]EL@EMM@@@@@,371860,=,170,0.00000017,M,IC50,6.769551079,0.49,24.74,12.94,,SARS coronavirus,20012,SARS coronavirus 3C-like proteinase,SARS coronavirus,Target is a single protein chain,P0C6U8,"J. Med. Chem. 50 (8), 1850-1864 (2007)",17381079,10.1021/jm061425k,O=C(c1cc(cccc2)c2o1)Oc1cc(Cl)cnc1,
foAPa@BZyHDPxHRYUvyZLlz@Bfeb@@,371904,=,270,0.00000027,M,IC50,6.568636236,0.6,27.29,12.61,,SARS coronavirus,20012,SARS coronavirus 3C-like proteinase,SARS coronavirus,Target is a single protein chain,P0C6U8,"J. Med. Chem. 50 (8), 1850-1864 (2007)",17381079,10.1021/jm061425k,O=C(c1cscn1)Oc1cc(Cl)cnc1,
fcwPqaOQxKIV}ADDBMQDyA\anP}LYKw^rJJIRIFKQSQJTrLTflDBqAQCCUP@@@,351850,=,300,0.0000003,M,IC50,6.522878745,0.32,14.21,5.42,,SARS coronavirus,20012,SARS coronavirus 3C-like proteinase,SARS coronavirus,Target is a single protein chain,P0C6U8,"J. Med. Chem. 49 (17), 5154-5161 (2006)",16913704,10.1021/jm060207o,Cc(c(Cl)c1)cc(S(c(c([N+]([O-])=O)cc(C(F)(F)F)c2)c2[N+]([O-])=O)(=O)=O)c1Cl,
fdyab@B\exDPdrkmrmtXxL@EL@Q@@@,371905,=,340,0.00000034,M,IC50,6.468521083,0.49,24.53,13.36,,SARS coronavirus,20012,SARS coronavirus 3C-like proteinase,SARS coronavirus,Target is a single protein chain,P0C6U8,"J. Med. Chem. 50 (8), 1850-1864 (2007)",17381079,10.1021/jm061425k,COc1cccc(C(Oc2cc(Cl)cnc2)=O)c1,
figQ`@DU@pnQQQQKIQYISQHdyipT}FuSD@@PL@@@@@,246269,=,370,0.00000037,M,IC50,6.431798276,0.35,19.47,7.99,,SARS coronavirus,20012,SARS coronavirus 3C-like proteinase,SARS coronavirus,Target is a single protein chain,P0C6U8,"J. Med. Chem. 49 (12), 3440-3443 (2006)",16759084,10.1021/jm0602357,NC(c(cc1)cc(C2=O)c1N(Cc1cc3ccccc3cc1)C2=O)=O,
fjcA`@@LBdsLs[Ks\UiwlabtCADALRD@@,314701,=,700,0.0000007,M,IC50,6.15490196,0.4,22.28,13.02,,SARS coronavirus,20012,SARS coronavirus 3C-like proteinase,SARS coronavirus,Target is a single protein chain,P0C6U8,"Bioorg. Med. Chem. 20 (19), 5928-5935 (2012)",22884354,10.1016/j.bmc.2012.07.038,Cc1coc(-c(ccc2c(C)cccc22)c2C2=O)c1C2=O,
ffsA`@@LmdTTTTTrRRadxISkQCehF`jJjiJ`Z`@,314493,=,800,0.0000008,M,IC50,6.096910013,0.38,20.57,14.06,,SARS coronavirus,20012,SARS coronavirus 3C-like proteinase,SARS coronavirus,Target is a single protein chain,P0C6U8,"Bioorg. Med. Chem. 20 (19), 5928-5935 (2012)",22884354,10.1016/j.bmc.2012.07.038,CC1C(C(C(c2c3ccc4c2CCCC4(C)C)=O)=O)=C3OC1,
eo`PFN@FNO@ni`HaBHHbG@cZHnbGhcHiiieDeeHXdleMMCKJfjZZ@BV@Bff`@@@,356509,=,900,0.0000009,M,IC50,6.045757491,0.27,10.7,6.97,,SARS coronavirus,20012,SARS coronavirus 3C-like proteinase,SARS coronavirus,Target is a single protein chain,P0C6U8,"J. Med. Chem. 49 (17), 5154-5161 (2006)",16913704,10.1021/jm060207o,O=C(C(Cl)=C(Cl)Cl)Oc(cc1)ccc1S(c(cc1)ccc1OC(C(Cl)=C(Cl)Cl)=O)(=O)=O,
ffs`a@EBtBl\DILk\{ljkSdeAbVl@PtuM@A@@@,317118,=,950,0.00000095,M,IC50,6.022276395,0.37,14.36,16.11,,SARS coronavirus,20012,SARS coronavirus 3C-like proteinase,SARS coronavirus,Target is a single protein chain,P0C6U8,"Bioorg. Med. Chem. Lett. 15 (12), 3058-3062 (2005)",15896959,10.1016/j.bmcl.2005.04.027,O=C(c(cc(cc1)I)c1N1Cc2cc(cccc3)c3s2)C1=O,
ffs`a@BZlCD\DYEEDhidcLddfJyHLRu``jFYh@H@@@,316358,=,980,0.00000098,M,IC50,6.008773924,0.37,16.14,16.07,,SARS coronavirus,20012,SARS coronavirus 3C-like proteinase,SARS coronavirus,Target is a single protein chain,P0C6U8,"Bioorg. Med. Chem. Lett. 15 (12), 3058-3062 (2005)",15896959,10.1016/j.bmcl.2005.04.027,O=C(c1cccc(Br)c1N1Cc2cc(cccc3)c3s2)C1=O,
fnk`b@EBtBlRYVywYVuirRhijv@HZZ@@@H@@@,349142,=,1100,0.0000011,M,IC50,5.958607315,0.35,14.42,15.94,,SARS coronavirus,20012,SARS coronavirus 3C-like proteinase,SARS coronavirus,Target is a single protein chain,P0C6U8,"J. Med. Chem. 49 (12), 3440-3443 (2006)",16759084,10.1021/jm0602357,O=C(c(cc(cc1)I)c1N1Cc2cc3ccccc3cc2)C1=O,
fjcA`@@LBdsLs[Ks\UiwlabtCADATRE@u@@,382969,=,1200,0.0000012,M,IC50,5.920818754,0.39,21.27,13.65,,SARS coronavirus,20012,SARS coronavirus 3C-like proteinase,SARS coronavirus,Target is a single protein chain,P0C6U8,"Bioorg. Med. Chem. 20 (19), 5928-5935 (2012)",22884354,10.1016/j.bmc.2012.07.038,CC1C(C(C(c2c3ccc4c(C)cccc24)=O)=O)=C3OC1,
ffsA`@@LmdTTTTTrRRadxISkQCehF`jJZiJ@@,314702,=,1600,0.0000016,M,IC50,5.795880017,0.36,19.69,12.26,,SARS coronavirus,20012,SARS coronavirus 3C-like proteinase,SARS coronavirus,Target is a single protein chain,P0C6U8,"Bioorg. Med. Chem. 20 (19), 5928-5935 (2012)",22884354,10.1016/j.bmc.2012.07.038,CC(C)(CCC1)c(cc2)c1c(C1=O)c2-c(occ2C)c2C1=O,
fa{PRBIImFkPABY[rTsKo\vssb`eNBWm@pQS@pLQ@@@,317000,=,2000,0.000002,M,IC50,5.698970004,0.32,16.84,7.08,,SARS coronavirus,20012,SARS coronavirus 3C-like proteinase,SARS coronavirus,Target is a single protein chain,P0C6U8,"Bioorg. Med. Chem. Lett. 15 (12), 3058-3062 (2005)",15896959,10.1016/j.bmcl.2005.04.027,[O-][N+](c(cccc1C2=O)c1N(Cc1cc(cccc3)c3s1)C2=O)=O,
fi{p``LDyRP@atazPCHYHhheideHfeDepQk]GSMTuUW@@h@@,356447,=,3000,0.000003,M,IC50,5.522878745,0.3,15.2,7.69,,SARS coronavirus,20012,SARS coronavirus 3C-like proteinase,SARS coronavirus,Target is a single protein chain,P0C6U8,"J. Med. Chem. 49 (17), 5154-5161 (2006)",16913704,10.1021/jm060207o,O=C(c1ccc(C#Cc2ccccc2)o1)Sc1nnc(C(F)(F)F)[nH]1,
eghRHB@AGOBe@HabHLBN`cHhdhbidhdiidmDeQqEdut]]@DTu@DRt@@P@@@,348973,=,3000,0.000003,M,IC50,5.522878745,0.25,11.67,8.15,,SARS coronavirus,20012,SARS coronavirus 3C-like proteinase,SARS coronavirus,Target is a single protein chain,P0C6U8,"J. Med. Chem. 49 (12), 3485-3495 (2006)",16759091,10.1021/jm050852f,O=C(CSc1nc(-c2csc(-c3ccccc3)n2)ccn1)Nc1cc(Cl)cc(Cl)c1,
ffs`a@IVb@HkHISLn}sZb`eN}dm@pQS@`TP@@,316711,=,4820,0.00000482,M,IC50,5.316952962,0.33,17.08,14.22,,SARS coronavirus,20012,SARS coronavirus 3C-like proteinase,SARS coronavirus,Target is a single protein chain,P0C6U8,"Bioorg. Med. Chem. Lett. 15 (12), 3058-3062 (2005)",15896959,10.1016/j.bmcl.2005.04.027,O=C(c(cc(cc1)F)c1N1Cc2cc(cccc3)c3s2)C1=O,
fjcA`@@LBdsLs[Ks\UiwlabtCADATRE@u@@,382969,=,4900,0.0000049,M,IC50,5.30980392,0.35,19.08,12.24,,SARS coronavirus,20012,SARS coronavirus 3C-like proteinase,SARS coronavirus,Target is a single protein chain,P0C6U8,"Bioorg. Med. Chem. 20 (19), 5928-5935 (2012)",22884354,10.1016/j.bmc.2012.07.038,CC1C(C(C(c2c3ccc4c(C)cccc24)=O)=O)=C3OC1,
fmwhPbNJuUl`cf@HSHYdBrCYgvRJJJZZKEQRIQqDYju^uLruUSUTuJ@@,356300,=,5000,0.000005,M,IC50,5.301029996,0.27,13.21,4.57,,SARS coronavirus,20012,SARS coronavirus 3C-like proteinase,SARS coronavirus,Target is a single protein chain,P0C6U8,"J. Med. Chem. 49 (17), 5154-5161 (2006)",16913704,10.1021/jm060207o,Cc1noc(NC(c2ccc(-c3cc(C(F)(F)F)nn3C)s2)=O)c1[N+]([O-])=O,
fdyHa@KN}DT`QG@cHhdliCEDcQg`p@RpDD@@@,356546,=,6000,0.000006,M,IC50,5.22184875,0.4,18.34,4.66,,SARS coronavirus,20012,SARS coronavirus 3C-like proteinase,SARS coronavirus,Target is a single protein chain,P0C6U8,"J. Med. Chem. 49 (17), 5154-5161 (2006)",16913704,10.1021/jm060207o,Nc(nc(N)nc1)c1S(c(cc1)ccc1Cl)(=O)=O,
fj}q`@DQJAglbbbbVRbtTSIsSoQZibAbflH@@,316590,=,7200,0.0000072,M,IC50,5.142667504,0.33,18.28,5.9,,SARS coronavirus,20012,SARS coronavirus 3C-like proteinase,SARS coronavirus,Target is a single protein chain,P0C6U8,"Bioorg. Med. Chem. Lett. 15 (12), 3058-3062 (2005)",15896959,10.1016/j.bmcl.2005.04.027,Cc1noc(C)c1CN(c(ccc(C#N)c1)c1C1=O)C1=O,
fjcA`@@LBdsLs[Ks\UiwlabtCADALRD@@,314701,=,8800,0.0000088,M,IC50,5.055517328,0.33,18.3,10.69,,SARS coronavirus,20012,SARS coronavirus 3C-like proteinase,SARS coronavirus,Target is a single protein chain,P0C6U8,"Bioorg. Med. Chem. 20 (19), 5928-5935 (2012)",22884354,10.1016/j.bmc.2012.07.038,Cc1coc(-c(ccc2c(C)cccc22)c2C2=O)c1C2=O,
figAP@@LlwnQQQQQSIIJFRr|DiuhaJtCPUEMTteP}P@,1420008,=,9200,0.0000092,M,IC50,5.036212173,0.28,14.88,6.84,,SARS coronavirus,20012,SARS coronavirus 3C-like proteinase,SARS coronavirus,Target is a single protein chain,P0C6U8,"Bioorg. Med. Chem. 20 (19), 5928-5935 (2012)",22884354,10.1016/j.bmc.2012.07.038,CC(CCC1)(C(OC)=O)c(cc2)c1c(C1=O)c2-c(occ2C)c2C1=O,
fj}`c@EBtBlCDEdDfUn]vY~gIJSf@HZZB@b@@@,316152,=,9400,0.0000094,M,IC50,5.026872146,0.33,12.1,13.45,,SARS coronavirus,20012,SARS coronavirus 3C-like proteinase,SARS coronavirus,Target is a single protein chain,P0C6U8,"Bioorg. Med. Chem. Lett. 15 (12), 3058-3062 (2005)",15896959,10.1016/j.bmcl.2005.04.027,O=C(c(cc(cc1)I)c1N1Cc(ccc(F)c2)c2Cl)C1=O,
fakqa@LBMADPAC@cIIBhhdeUEDUHkQkQrmTsUSTuRp@@,356301,=,10000,0.00001,M,IC50,5,0.28,13.68,5.68,,SARS coronavirus,20012,SARS coronavirus 3C-like proteinase,SARS coronavirus,Target is a single protein chain,P0C6U8,"J. Med. Chem. 49 (17), 5154-5161 (2006)",16913704,10.1021/jm060207o,CC(C)(C)c1cc(-c2n[nH]c(NS(c3cccs3)(=O)=O)c2)c(C)o1,
ehRZHF@NKGAei@HcPHrBGiCzPAdDfUumYV{WeWja`IJii[Z@Bfh@bZffj`X@@,348389,=,10000,0.00001,M,IC50,5,0.21,9.8,6.88,,SARS coronavirus,20012,SARS coronavirus 3C-like proteinase,SARS coronavirus,Target is a single protein chain,P0C6U8,"J. Med. Chem. 49 (12), 3485-3495 (2006)",16759091,10.1021/jm050852f,Cn(c(C(F)(F)F)c1)nc1-c1ccc(-c2ccnc(SCC(Nc(cc3)ccc3Cl)=O)n2)s1,
ffsA`@@LmdTTTTTrRRadxISkQCehF`jJjiJ`Z`@,314493,=,10100,0.0000101,M,IC50,4.995678626,0.31,16.86,11.52,,SARS coronavirus,20012,SARS coronavirus 3C-like proteinase,SARS coronavirus,Target is a single protein chain,P0C6U8,"Bioorg. Med. Chem. 20 (19), 5928-5935 (2012)",22884354,10.1016/j.bmc.2012.07.038,CC1C(C(C(c2c3ccc4c2CCCC4(C)C)=O)=O)=C3OC1,
figAP@@LlwnQQQQQSIIJFRr|DiuhaJtCPUEMTteP}P@,1420008,=,10600,0.0000106,M,IC50,4.974694135,0.27,14.7,6.76,,SARS coronavirus,20012,SARS coronavirus 3C-like proteinase,SARS coronavirus,Target is a single protein chain,P0C6U8,"Bioorg. Med. Chem. 20 (19), 5928-5935 (2012)",22884354,10.1016/j.bmc.2012.07.038,CC(CCC1)(C(OC)=O)c(cc2)c1c(C1=O)c2-c(occ2C)c2C1=O,
fjcA`@@LBdsLs[Ks\UiwlabtCADATRE@u@@,382969,=,10700,0.0000107,M,IC50,4.970616222,0.32,17.86,11.46,,SARS coronavirus,20012,SARS coronavirus 3C-like proteinase,SARS coronavirus,Target is a single protein chain,P0C6U8,"Bioorg. Med. Chem. 20 (19), 5928-5935 (2012)",22884354,10.1016/j.bmc.2012.07.038,CC1C(C(C(c2c3ccc4c(C)cccc24)=O)=O)=C3OC1,
fnk@P@@LlwHhhhhiddeCH~BTztPyZAhJbfjdh@@,358740,=,10700,0.0000107,M,IC50,4.970616222,0.3,16.02,7.36,,SARS coronavirus,20012,SARS coronavirus 3C-like proteinase,SARS coronavirus,Target is a single protein chain,P0C6U8,"Bioorg. Med. Chem. 20 (19), 5928-5935 (2012)",22884354,10.1016/j.bmc.2012.07.038,CC(CO)(CCC1)c(cc2)c1c(C1=O)c2-c(occ2C)c2C1=O,
e`\RHJ@NKGCi@HcPHjBF`cXHrJIKISIQISSQSHqKTLAIU]WOP@Tu@DMSUMPR@@@,348390,=,11000,0.000011,M,IC50,4.958607315,0.21,9.55,7.32,,SARS coronavirus,20012,SARS coronavirus 3C-like proteinase,SARS coronavirus,Target is a single protein chain,P0C6U8,"J. Med. Chem. 49 (12), 3485-3495 (2006)",16759091,10.1021/jm050852f,Cc1csc(-c2c(C)c(-c3ccnc(SCC(Nc(cc4)ccc4Cl)=O)n3)c(SC)s2)n1,
ffs`a@I\tBH\DYEEDhhTUDddfJEHLRu``ZFih@H@@@,317002,=,11200,0.0000112,M,IC50,4.950781977,0.31,15.1,13.24,,SARS coronavirus,20012,SARS coronavirus 3C-like proteinase,SARS coronavirus,Target is a single protein chain,P0C6U8,"Bioorg. Med. Chem. Lett. 15 (12), 3058-3062 (2005)",15896959,10.1016/j.bmcl.2005.04.027,O=C(c(c(N1Cc2cc(cccc3)c3s2)ccc2)c2Cl)C1=O,
fjcA`@@LBdsLs[Ks\UiwlabtCADALRD@@,314701,=,11500,0.0000115,M,IC50,4.93930216,0.32,17.88,10.45,,SARS coronavirus,20012,SARS coronavirus 3C-like proteinase,SARS coronavirus,Target is a single protein chain,P0C6U8,"Bioorg. Med. Chem. 20 (19), 5928-5935 (2012)",22884354,10.1016/j.bmc.2012.07.038,Cc1coc(-c(ccc2c(C)cccc22)c2C2=O)c1C2=O,
fnc`RbKBdFHHc`PVPkHMdKSGlbbRrdLTRbjdhsrX@IXHFJh@@@,356547,=,12000,0.000012,M,IC50,4.920818754,0.29,13.46,6.37,,SARS coronavirus,20012,SARS coronavirus 3C-like proteinase,SARS coronavirus,Target is a single protein chain,P0C6U8,"J. Med. Chem. 49 (17), 5154-5161 (2006)",16913704,10.1021/jm060207o,[O-][N+](c(cc(C(F)(F)F)cc1)c1S(c(cc1)ccc1Cl)(=O)=O)=O,
e`\RHJ@BKGCi@HcPHjBF`cXHrJJIKPiQISSQSHqKLBAIU]WOPPPu@DMSUMPR@@@,349571,=,12000,0.000012,M,IC50,4.920818754,0.21,9.48,7.26,,SARS coronavirus,20012,SARS coronavirus 3C-like proteinase,SARS coronavirus,Target is a single protein chain,P0C6U8,"J. Med. Chem. 49 (12), 3485-3495 (2006)",16759091,10.1021/jm050852f,Cc1csc(-c2c(C)c(-c3ccnc(SCC(Nc(cccc4)c4Cl)=O)n3)c(SC)s2)n1,
fj}Q`@DE@sJSLrzsj|SfgARuSD@@Pp@@@,246346,=,12500,0.0000125,M,IC50,4.903089987,0.32,17.49,6.09,,SARS coronavirus,20012,SARS coronavirus 3C-like proteinase,SARS coronavirus,Target is a single protein chain,P0C6U8,"J. Med. Chem. 49 (12), 3440-3443 (2006)",16759084,10.1021/jm0602357,NC(c(cc1)cc(C2=O)c1N(Cc1ccccc1)C2=O)=O,
fcQc@EEEkHJqpQnHRYVywYWme^gIJCFZx@aijZf`@bP@@,317527,=,12570,0.00001257,M,IC50,4.900664722,0.24,9.37,7.37,,SARS coronavirus,20012,SARS coronavirus 3C-like proteinase,SARS coronavirus,Target is a single protein chain,P0C6U8,"Bioorg. Med. Chem. Lett. 15 (12), 3058-3062 (2005)",15896959,10.1016/j.bmcl.2005.04.027,O=C(c1ccc(CN(c(ccc(I)c2)c2C2=O)C2=O)s1)Nc(cc1)ccc1Cl,
ff}pRBJAsAAZ`BLsWlddLTRbRbRsfgVRm@A@EqL@@@,356548,=,13000,0.000013,M,IC50,4.886056648,0.3,15.4,4.29,,SARS coronavirus,20012,SARS coronavirus 3C-like proteinase,SARS coronavirus,Target is a single protein chain,P0C6U8,"J. Med. Chem. 49 (17), 5154-5161 (2006)",16913704,10.1021/jm060207o,Cc(c([N+]([O-])=O)c(C)nc1S(c2ccccc2)(=O)=O)c1C#N,
fncpRBJAsAEV`BLrwlddLTRbRbRuTtzrUh@H@nJX@@@,356336,=,13000,0.000013,M,IC50,4.886056648,0.29,14.75,4.29,,SARS coronavirus,20012,SARS coronavirus 3C-like proteinase,SARS coronavirus,Target is a single protein chain,P0C6U8,"J. Med. Chem. 49 (17), 5154-5161 (2006)",16913704,10.1021/jm060207o,Cc(cc1)ccc1S(c(c(C#N)c1C)nc(C)c1[N+]([O-])=O)(=O)=O,
fjc`b@IVb@HRfY]{fu|TDiwlehFBJXDBH@@,316296,=,13110,0.00001311,M,IC50,4.882397308,0.32,16.64,13.06,,SARS coronavirus,20012,SARS coronavirus 3C-like proteinase,SARS coronavirus,Target is a single protein chain,P0C6U8,"Bioorg. Med. Chem. Lett. 15 (12), 3058-3062 (2005)",15896959,10.1016/j.bmcl.2005.04.027,O=C(c(cccc1)c1N1Cc2cc(cccc3)c3s2)C1=O,
fnk`R@EBtzHJqIe[g]e[VgIJbfkX@aijj@@h@@,316619,=,13500,0.0000135,M,IC50,4.869666232,0.29,11.56,8.72,,SARS coronavirus,20012,SARS coronavirus 3C-like proteinase,SARS coronavirus,Target is a single protein chain,P0C6U8,"Bioorg. Med. Chem. Lett. 15 (12), 3058-3062 (2005)",15896959,10.1016/j.bmcl.2005.04.027,O=C(c(cc(cc1)I)c1N1CC2Oc(cccc3)c3OC2)C1=O,
ek`ZHB@NKGLai@HcPHZBM`aIe][VUnuyVa`IJii[Z@Bfh@bViZB`@@,348544,=,14000,0.000014,M,IC50,4.853871964,0.23,10.55,6.02,,SARS coronavirus,20012,SARS coronavirus 3C-like proteinase,SARS coronavirus,Target is a single protein chain,P0C6U8,"J. Med. Chem. 49 (12), 3485-3495 (2006)",16759091,10.1021/jm050852f,Cc1nc(-c2nc(-c3ccnc(SCC(Nc(cc4)ccc4Cl)=O)n3)cs2)cs1,
fjcA`@@LBdsLs[Ks\UiwlabtCADATRE@u@@,382969,=,14400,0.0000144,M,IC50,4.841637508,0.31,17.4,11.16,,SARS coronavirus,20012,SARS coronavirus 3C-like proteinase,SARS coronavirus,Target is a single protein chain,P0C6U8,"Bioorg. Med. Chem. 20 (19), 5928-5935 (2012)",22884354,10.1016/j.bmc.2012.07.038,CC1C(C(C(c2c3ccc4c(C)cccc24)=O)=O)=C3OC1,
fbuQQAMQEJr\`bNAFimtYsvQQIYRFJKYRcOA`@e``I`@@,356370,=,15000,0.000015,M,IC50,4.823908741,0.33,15.33,4.63,,SARS coronavirus,20012,SARS coronavirus 3C-like proteinase,SARS coronavirus,Target is a single protein chain,P0C6U8,"J. Med. Chem. 49 (17), 5154-5161 (2006)",16913704,10.1021/jm060207o,[O-][N+](c(cc1)c[n+]([O-])c1S(c(cc1)ccc1Cl)(=O)=O)=O,
fakqc@CV]ABPAF``hQddabbRbbqLtRUxuf}V`XJXiihd@@,356337,=,15000,0.000015,M,IC50,4.823908741,0.27,12.71,5.25,,SARS coronavirus,20012,SARS coronavirus 3C-like proteinase,SARS coronavirus,Target is a single protein chain,P0C6U8,"J. Med. Chem. 49 (17), 5154-5161 (2006)",16913704,10.1021/jm060207o,CSc([nH]nc1NC(c2cccs2)=O)c1S(c1ccccc1)(=O)=O,
ek`RDD@NKGJiL`HcPHRYWVue[mvUhXBRjZvN`@ij@Hfh@@P@@,348925,=,15000,0.000015,M,IC50,4.823908741,0.23,11.41,5.96,,SARS coronavirus,20012,SARS coronavirus 3C-like proteinase,SARS coronavirus,Target is a single protein chain,P0C6U8,"J. Med. Chem. 49 (12), 3485-3495 (2006)",16759091,10.1021/jm050852f,O=C(CSc1nc(-c2cc(-c3ccccc3)no2)ccn1)Nc(cc1)ccc1Cl,
eghRDL@NKDfeJ`HbHHnbLbbbTVQTRTvTrbRsDbf`RVqtDCDpAEM@AD@@@,349608,=,15000,0.000015,M,IC50,4.823908741,0.22,10.55,5.96,,SARS coronavirus,20012,SARS coronavirus 3C-like proteinase,SARS coronavirus,Target is a single protein chain,P0C6U8,"J. Med. Chem. 49 (12), 3485-3495 (2006)",16759091,10.1021/jm050852f,O=C(CSc1nccc(-c2cc(-c(cccc3)c3Cl)no2)n1)Nc(cc1)ccc1Cl,
edZRDF@NGLnmF`HaRHRBOi@FPadLbbbTRRjbRfrfTRVTcDfadVQutDCEL@QSP@UQ@@@@,349607,=,15000,0.000015,M,IC50,4.823908741,0.19,9.18,5.96,,SARS coronavirus,20012,SARS coronavirus 3C-like proteinase,SARS coronavirus,Target is a single protein chain,P0C6U8,"J. Med. Chem. 49 (12), 3485-3495 (2006)",16759091,10.1021/jm050852f,O=C(CSc1nccc(-c2cc(-c(ccc(Cl)c3)c3Cl)no2)n1)Nc1ccc(C(F)(F)F)cc1,
fjmAR@HH|EH@cIICEEDheEhmQ\UZ@HHFF@@@,356410,=,16000,0.000016,M,IC50,4.795880017,0.31,15.76,5.42,,SARS coronavirus,20012,SARS coronavirus 3C-like proteinase,SARS coronavirus,Target is a single protein chain,P0C6U8,"J. Med. Chem. 49 (17), 5154-5161 (2006)",16913704,10.1021/jm060207o,CC(c(cccc1)c1S(c(cccc1)c1C(O)=O)(=O)=O)=O,
fjmAS@BJudhLSfIHHrJJKQFPqIYQ``q``bV@BX@@@,356409,=,16000,0.000016,M,IC50,4.795880017,0.31,11,5.23,,SARS coronavirus,20012,SARS coronavirus 3C-like proteinase,SARS coronavirus,Target is a single protein chain,P0C6U8,"J. Med. Chem. 49 (17), 5154-5161 (2006)",16913704,10.1021/jm060207o,OC(c(cc1)ccc1S(c(cc1Br)cc(Br)c1O)(=O)=O)=O,
fj}Pb@LRMx@QdbbbRRTrabQFV]dmSM]MSUT`@@,356338,=,16000,0.000016,M,IC50,4.795880017,0.31,15.97,7.26,,SARS coronavirus,20012,SARS coronavirus 3C-like proteinase,SARS coronavirus,Target is a single protein chain,P0C6U8,"J. Med. Chem. 49 (17), 5154-5161 (2006)",16913704,10.1021/jm060207o,CC(C)(Cc1c(C#N)sc(NCc2ccco2)c11)CC1=O,
elRRFH@O@ichDEmkg`@cIICEDdelddeEDheMTeKCGEh@@@iifnmjh@L@kIj`,356371,=,16000,0.000016,M,IC50,4.795880017,0.19,9.7,2.96,,SARS coronavirus,20012,SARS coronavirus 3C-like proteinase,SARS coronavirus,Target is a single protein chain,P0C6U8,"J. Med. Chem. 49 (17), 5154-5161 (2006)",16913704,10.1021/jm060207o,CCOC(/C(/C#N)=C/Nc(cc1)ccc1S(c(cc1)ccc1/N=C/C(/C#N)=C(\O)/OCC)(=O)=O)=O,
ffsA`@@LmdTTTTTrRRadxISkQCehF`jJZiJ@@,314702,=,17100,0.0000171,M,IC50,4.76700389,0.3,16.2,10.08,,SARS coronavirus,20012,SARS coronavirus 3C-like proteinase,SARS coronavirus,Target is a single protein chain,P0C6U8,"Bioorg. Med. Chem. 20 (19), 5928-5935 (2012)",22884354,10.1016/j.bmc.2012.07.038,CC(C)(CCC1)c(cc2)c1c(C1=O)c2-c(occ2C)c2C1=O,
fewQa@EEEkHJqpPdrmsnro\kSdeAbN\@PtuMSUTS@@@,317209,=,17500,0.0000175,M,IC50,4.756961951,0.25,9.9,8.25,,SARS coronavirus,20012,SARS coronavirus 3C-like proteinase,SARS coronavirus,Target is a single protein chain,P0C6U8,"Bioorg. Med. Chem. Lett. 15 (12), 3058-3062 (2005)",15896959,10.1016/j.bmcl.2005.04.027,O=C(c1ccc(CN(c(ccc(I)c2)c2C2=O)C2=O)s1)N1CCCCC1,
fjm`abAN|CDaDXBMAE`bHPCmS`RbRtRVTabUFJudmMTuRttj@@,356372,=,18000,0.000018,M,IC50,4.744727495,0.32,13.07,9.5,,SARS coronavirus,20012,SARS coronavirus 3C-like proteinase,SARS coronavirus,Target is a single protein chain,P0C6U8,"J. Med. Chem. 49 (17), 5154-5161 (2006)",16913704,10.1021/jm060207o,O=S(Cc1[s+]cc(-c(s2)ccc2Cl)[nH]1)(c1cccs1)=O.[Br-],
fnk@P@@LlwHhhhhiddeCH~BTztPyZAhJbfjdh@@,358740,=,18000,0.000018,M,IC50,4.744727495,0.28,15.29,7.03,,SARS coronavirus,20012,SARS coronavirus 3C-like proteinase,SARS coronavirus,Target is a single protein chain,P0C6U8,"Bioorg. Med. Chem. 20 (19), 5928-5935 (2012)",22884354,10.1016/j.bmc.2012.07.038,CC(CO)(CCC1)c(cc2)c1c(C1=O)c2-c(occ2C)c2C1=O,
fakXaBFBLxJZm@D^BDrwldTRabfbRbfLQJBtGMRsUSuUMR`@@,356339,=,18000,0.000018,M,IC50,4.744727495,0.27,13.16,4.63,,SARS coronavirus,20012,SARS coronavirus 3C-like proteinase,SARS coronavirus,Target is a single protein chain,P0C6U8,"J. Med. Chem. 49 (17), 5154-5161 (2006)",16913704,10.1021/jm060207o,Cc1nn(C)c(-n(c(-c2cccs2)c2C#N)nc2SC)c1[N+]([O-])=O,
fdyQ`@DQ@pJSLrzn|SfkMTqAEL@@@,348533,=,19000,0.000019,M,IC50,4.721246399,0.36,19.17,5.87,,SARS coronavirus,20012,SARS coronavirus 3C-like proteinase,SARS coronavirus,Target is a single protein chain,P0C6U8,"J. Med. Chem. 49 (12), 3440-3443 (2006)",16759084,10.1021/jm0602357,CCCCN(c(ccc(C(N)=O)c1)c1C1=O)C1=O,
ffcHaBIV}GIPAG@bLe{IEEEBdcEECDRbm^STmMUMTuJ@@,356373,=,20000,0.00002,M,IC50,4.698970004,0.29,14.05,6.44,,SARS coronavirus,20012,SARS coronavirus 3C-like proteinase,SARS coronavirus,Target is a single protein chain,P0C6U8,"J. Med. Chem. 49 (17), 5154-5161 (2006)",16913704,10.1021/jm060207o,Cc1nn(C)c(NCc2ccc(-c3cccs3)s2)c1[N+]([O-])=O,
fj}@`@@DrJJJZISQIVQ`m^bei`XJbjh`@@,69059,=,21100,0.0000211,M,IC50,4.675717545,0.3,16.56,13.7,,SARS coronavirus,20012,SARS coronavirus 3C-like proteinase,SARS coronavirus,Target is a single protein chain,P0C6U8,"Bioorg. Med. Chem. 20 (19), 5928-5935 (2012)",22884354,10.1016/j.bmc.2012.07.038,CC(C)C(C1=O)=Cc(ccc2c3CCCC2(C)C)c3C1=O,
figAP@@LlwnQQQQQSIIJFRr|DiuhaJtCPUEMTteP}P@,1420008,=,21100,0.0000211,M,IC50,4.675717545,0.26,13.82,6.35,,SARS coronavirus,20012,SARS coronavirus 3C-like proteinase,SARS coronavirus,Target is a single protein chain,P0C6U8,"Bioorg. Med. Chem. 20 (19), 5928-5935 (2012)",22884354,10.1016/j.bmc.2012.07.038,CC(CCC1)(C(OC)=O)c(cc2)c1c(C1=O)c2-c(occ2C)c2C1=O,
fa{`a@EBtBlBDILk\{jrjmNRTgK^pACSSSP@P@aZ@,316735,=,23500,0.0000235,M,IC50,4.628932138,0.26,10.4,12.38,,SARS coronavirus,20012,SARS coronavirus 3C-like proteinase,SARS coronavirus,Target is a single protein chain,P0C6U8,"Bioorg. Med. Chem. Lett. 15 (12), 3058-3062 (2005)",15896959,10.1016/j.bmcl.2005.04.027,O=C(c(cc(cc1)I)c1N1C/C=C/c2cc(cccc3)c3s2)C1=O,
fnk@P@@LlwHhhhhiddeCH~BTztPyZAhJbfjdh@@,358740,=,24800,0.0000248,M,IC50,4.605548319,0.27,14.84,6.82,,SARS coronavirus,20012,SARS coronavirus 3C-like proteinase,SARS coronavirus,Target is a single protein chain,P0C6U8,"Bioorg. Med. Chem. 20 (19), 5928-5935 (2012)",22884354,10.1016/j.bmc.2012.07.038,CC(CO)(CCC1)c(cc2)c1c(C1=O)c2-c(occ2C)c2C1=O,
fhiQ`@DA@svQQQQKIHjDyjsULPQL@@@,348528,=,25000,0.000025,M,IC50,4.602059991,0.37,19.82,5.72,,SARS coronavirus,20012,SARS coronavirus 3C-like proteinase,SARS coronavirus,Target is a single protein chain,P0C6U8,"J. Med. Chem. 49 (12), 3440-3443 (2006)",16759084,10.1021/jm0602357,CCCN(c(ccc(C(N)=O)c1)c1C1=O)C1=O,
fjmPrAOA`bJ\e@D^dLixoYIHXhddmdhhjqgKP@@ASL@@@,356411,=,25000,0.000025,M,IC50,4.602059991,0.3,14.93,3.82,,SARS coronavirus,20012,SARS coronavirus 3C-like proteinase,SARS coronavirus,Target is a single protein chain,P0C6U8,"J. Med. Chem. 49 (17), 5154-5161 (2006)",16913704,10.1021/jm060207o,[O-][N+](c(cc1)ccc1S(c(cc1)ccc1[N+]([O-])=O)(=O)=O)=O,
fj}@`@@DrJJJZISQIVQ`m^bei`XJbjh`@@,69059,=,30000,0.00003,M,IC50,4.522878745,0.29,16.02,13.25,,SARS coronavirus,20012,SARS coronavirus 3C-like proteinase,SARS coronavirus,Target is a single protein chain,P0C6U8,"Bioorg. Med. Chem. 20 (19), 5928-5935 (2012)",22884354,10.1016/j.bmc.2012.07.038,CC(C)C(C1=O)=Cc(ccc2c3CCCC2(C)C)c3C1=O,
ff}pa@NV]JHHcPQdTRVRfRbRbJhpJX@JZ`BJ`@@,348926,=,30000,0.00003,M,IC50,4.522878745,0.28,13.39,6.02,,SARS coronavirus,20012,SARS coronavirus 3C-like proteinase,SARS coronavirus,Target is a single protein chain,P0C6U8,"J. Med. Chem. 49 (12), 3485-3495 (2006)",16759091,10.1021/jm050852f,CCCc1nc(SCC(Nc(cc2)ccc2Cl)=O)nc(O)c1,
eiUTEH@O@hDIemckgo`P@cIICEDdelddeEEEEED]ddeKCGEh@@@iiZjYfjjh@D@hj@,356446,=,32000,0.000032,M,IC50,4.494850022,0.15,7.64,2.69,,SARS coronavirus,20012,SARS coronavirus 3C-like proteinase,SARS coronavirus,Target is a single protein chain,P0C6U8,"J. Med. Chem. 49 (17), 5154-5161 (2006)",16913704,10.1021/jm060207o,CCOC(/C(/C=N/c(cc1)ccc1S(c(cc1)ccc1NC=C(C(OCC)=O)C(OCC)=O)(=O)=O)=C(/O)\OCC)=O,
fjcA`@@LBdsLs[Ks\UiwlabtCADALRD@@,314701,=,38700,0.0000387,M,IC50,4.412289035,0.29,15.97,9.33,,SARS coronavirus,20012,SARS coronavirus 3C-like proteinase,SARS coronavirus,Target is a single protein chain,P0C6U8,"Bioorg. Med. Chem. 20 (19), 5928-5935 (2012)",22884354,10.1016/j.bmc.2012.07.038,Cc1coc(-c(ccc2c(C)cccc22)c2C2=O)c1C2=O,
dk]HPLU`BIBLdTVaTRrmNfVijP@,356374,=,40000,0.00004,M,IC50,4.397940009,0.46,20.91,10.26,,SARS coronavirus,20012,SARS coronavirus 3C-like proteinase,SARS coronavirus,Target is a single protein chain,P0C6U8,"J. Med. Chem. 49 (17), 5154-5161 (2006)",16913704,10.1021/jm060207o,O=C(Cc1nccs1)c1nccs1,
fi{qA@FZ|x@PhHrQQJEJ[JYQIYPeIZKViPBJZ@Bj@@@,349260,=,40000,0.00004,M,IC50,4.397940009,0.24,11.9,8.01,,SARS coronavirus,20012,SARS coronavirus 3C-like proteinase,SARS coronavirus,Target is a single protein chain,P0C6U8,"J. Med. Chem. 49 (12), 3485-3495 (2006)",16759091,10.1021/jm050852f,CC(C)c(cc1)ccc1NC(CSc1nccc(-c2cccs2)n1)=O,
e`TZJD@LE@hehDCBk`@apHrRRqIYJYJIJKJIKSBRYUGOKP@Tu@DTFDP@@@,348710,=,40000,0.00004,M,IC50,4.397940009,0.19,9.33,2.61,,SARS coronavirus,20012,SARS coronavirus 3C-like proteinase,SARS coronavirus,Target is a single protein chain,P0C6U8,"J. Med. Chem. 49 (12), 3485-3495 (2006)",16759091,10.1021/jm050852f,COc1cccc(-c2nc(SCC(Nc(cc3)ccc3S(N)(=O)=O)=O)nc(O)c2C#N)c1,
fcopR@LDdIWU`BLdTRRbbqbbRRtJwMY[T]A@tT@@AEP@@@,349261,=,45000,0.000045,M,IC50,4.346787486,0.21,10.94,4.65,,SARS coronavirus,20012,SARS coronavirus 3C-like proteinase,SARS coronavirus,Target is a single protein chain,P0C6U8,"J. Med. Chem. 49 (12), 3485-3495 (2006)",16759091,10.1021/jm050852f,COc(ccc(NC(CSc1nc(O)cc(-c2ccccc2)n1)=O)c1)c1OC,
eeSRN@@DAKjPCHdal^\bbTJbRbtTRrbbRtvTtlRqEAwwHkUUTmTuPMAQTsSQDXSaVJZPJP,329385,=,45000,0.000045,M,IC50,4.346787486,0.14,7.49,2.77,,Carona virus,20012,SARS coronavirus 3C-like proteinase,SARS coronavirus,Target is a single protein chain,P0C6U8,"J. Med. Chem. 48 (22), 6767-6771 (2005)",16250632,10.1021/jm050548m,CCOC(/C=C/[C@H](C[C@H](CCN1)C1=O)NC([C@@H](CC([C@H](C(C)C)NC(c1noc(C)c1)=O)=O)Cc1ccccc1)=O)=O,
flu`b@EBtBlRYVywYVgIJbf@HZZ@@`@@,194698,=,50000,0.00005,M,IC50,4.301029996,0.31,11.84,11.51,,SARS coronavirus,20012,SARS coronavirus 3C-like proteinase,SARS coronavirus,Target is a single protein chain,P0C6U8,"J. Med. Chem. 49 (12), 3440-3443 (2006)",16759084,10.1021/jm0602357,O=C(c(cc(cc1)I)c1N1Cc2ccccc2)C1=O,
fnk@P@@LlwHhhhhiddeCH~BTztPyZAhJbfjdh@@,358740,=,52000,0.000052,M,IC50,4.283996656,0.25,13.8,6.35,,SARS coronavirus,20012,SARS coronavirus 3C-like proteinase,SARS coronavirus,Target is a single protein chain,P0C6U8,"Bioorg. Med. Chem. 20 (19), 5928-5935 (2012)",22884354,10.1016/j.bmc.2012.07.038,CC(CO)(CCC1)c(cc2)c1c(C1=O)c2-c(occ2C)c2C1=O,
eohRBH@LBILaEAk`@aJYUf_YeU{nMJinejBAhj@L@`i`@@@,348711,=,60000,0.00006,M,IC50,4.22184875,0.19,9.72,3.37,,SARS coronavirus,20012,SARS coronavirus 3C-like proteinase,SARS coronavirus,Target is a single protein chain,P0C6U8,"J. Med. Chem. 49 (12), 3485-3495 (2006)",16759091,10.1021/jm050852f,CC(c(cc1)ccc1NC(CSc(nc1-c2cc(OC)ccc2)nc(O)c1C#N)=O)=O,
eh\RBH@LBEJiCEo`@cIEEDeDhlUEDdeimmAKNmicjB`Zbh@pBBf@@@@,349300,=,60000,0.00006,M,IC50,4.22184875,0.17,9.13,3.37,,SARS coronavirus,20012,SARS coronavirus 3C-like proteinase,SARS coronavirus,Target is a single protein chain,P0C6U8,"J. Med. Chem. 49 (12), 3485-3495 (2006)",16759091,10.1021/jm050852f,CCC(C(Nc(cc1)ccc1C(C)=O)=O)Sc(nc1-c2cc(OC)ccc2)nc(O)c1C#N,
fj}@`@@DrJJJZISQIVQ`m^bei`XJbjh`@@,69059,=,60200,0.0000602,M,IC50,4.220403509,0.27,14.95,12.36,,SARS coronavirus,20012,SARS coronavirus 3C-like proteinase,SARS coronavirus,Target is a single protein chain,P0C6U8,"Bioorg. Med. Chem. 20 (19), 5928-5935 (2012)",22884354,10.1016/j.bmc.2012.07.038,CC(C)C(C1=O)=Cc(ccc2c3CCCC2(C)C)c3C1=O,
f`q`b@EBtBlRYVywVgIJ`BFfjH@@,349110,=,66000,0.000066,M,IC50,4.180456064,0.36,12.7,11.18,,SARS coronavirus,20012,SARS coronavirus 3C-like proteinase,SARS coronavirus,Target is a single protein chain,P0C6U8,"J. Med. Chem. 49 (12), 3440-3443 (2006)",16759084,10.1021/jm0602357,CCCCN(c(ccc(I)c1)c1C1=O)C1=O,
eaYRN@@DAElPCHdfhZ\bbTJbRbtTRrbVbfTLlRqEEKKUUTmTuSMUULtuDXT\DVT]TPJP,329386,=,70000,0.00007,M,IC50,4.15490196,0.14,7.44,2.65,,Carona virus,20012,SARS coronavirus 3C-like proteinase,SARS coronavirus,Target is a single protein chain,P0C6U8,"J. Med. Chem. 48 (22), 6767-6771 (2005)",16250632,10.1021/jm050548m,CCOC(/C=C/[C@@H](C[C@@H](CCN1)C1=O)NC([C@@H](CC=C(C)C)CC([C@@H](C(C)C)NC(c1noc(C)c1)=O)=O)=O)=O,
foAQ`@DN@rvQQQQEKJDxkSUL@S@@@,246483,=,71000,0.000071,M,IC50,4.148741651,0.38,20.32,5.16,,SARS coronavirus,20012,SARS coronavirus 3C-like proteinase,SARS coronavirus,Target is a single protein chain,P0C6U8,"J. Med. Chem. 49 (12), 3440-3443 (2006)",16759084,10.1021/jm0602357,CN(c(ccc(C(N)=O)c1)c1C1=O)C1=O,
fj}@`@@DrJJJZISQIVQ`m^bei`XJbjh`@@,69059,=,78900,0.0000789,M,IC50,4.102922997,0.27,14.53,12.02,,SARS coronavirus,20012,SARS coronavirus 3C-like proteinase,SARS coronavirus,Target is a single protein chain,P0C6U8,"Bioorg. Med. Chem. 20 (19), 5928-5935 (2012)",22884354,10.1016/j.bmc.2012.07.038,CC(C)C(C1=O)=Cc(ccc2c3CCCC2(C)C)c3C1=O,
ffsA`@@LmdTTTTTrRRadxISkQCehF`jJjiJ`Z`@,314493,=,87600,0.0000876,M,IC50,4.057495894,0.25,13.69,9.36,,SARS coronavirus,20012,SARS coronavirus 3C-like proteinase,SARS coronavirus,Target is a single protein chain,P0C6U8,"Bioorg. Med. Chem. 20 (19), 5928-5935 (2012)",22884354,10.1016/j.bmc.2012.07.038,CC1C(C(C(c2c3ccc4c2CCCC4(C)C)=O)=O)=C3OC1,
ffsA`@@LmdTTTTTrRRadxISkQCehF`jJZiJ@@,314702,=,89100,0.0000891,M,IC50,4.050122296,0.25,13.76,8.57,,SARS coronavirus,20012,SARS coronavirus 3C-like proteinase,SARS coronavirus,Target is a single protein chain,P0C6U8,"Bioorg. Med. Chem. 20 (19), 5928-5935 (2012)",22884354,10.1016/j.bmc.2012.07.038,CC(C)(CCC1)c(cc2)c1c(C1=O)c2-c(occ2C)c2C1=O,
fmwqa@FYKIPpQE`aIe[V]eV]yiqM^s`BJZ``@BH@@@,348865,=,100000,0.0001,M,IC50,4,0.2,9.95,4.74,,SARS coronavirus,20012,SARS coronavirus 3C-like proteinase,SARS coronavirus,Target is a single protein chain,P0C6U8,"J. Med. Chem. 49 (12), 3485-3495 (2006)",16759091,10.1021/jm050852f,Cc1nc(SCC(Nc(cc(cc2)Cl)c2Oc2ccccc2)=O)nc(O)c1,
fmgpP`LDdISo@BArDyA\adbbRTTVLTRRNTgMU[PPMETE@UP@@@,348962,=,200000,0.0002,M,IC50,3.698970004,0,0,0,,SARS coronavirus,20012,SARS coronavirus 3C-like proteinase,SARS coronavirus,Target is a single protein chain,P0C6U8,"J. Med. Chem. 49 (12), 3485-3495 (2006)",16759091,10.1021/jm050852f,COC(c1nc(SCC(Nc2ccc(C(F)(F)F)cc2)=O)nc(O)c1)OC,
fmwqa@GEkpHpQBPaIe]YWVueYhpuns`@h@JZ`BH@@@,348913,=,200000,0.0002,M,IC50,3.698970004,0,0,0,,SARS coronavirus,20012,SARS coronavirus 3C-like proteinase,SARS coronavirus,Target is a single protein chain,P0C6U8,"J. Med. Chem. 49 (12), 3485-3495 (2006)",16759091,10.1021/jm050852f,Cc1nc(SCC(Nc(cc2)ccc2Oc(cc2)ccc2Cl)=O)nc(O)c1,
eg`RDB@LBILaE@@cZPNdKiCIEDdhhmeEDdemKIqiTMuMPPMEPA`@UP@@@,349387,=,200000,0.0002,M,IC50,3.698970004,0,0,0,,SARS coronavirus,20012,SARS coronavirus 3C-like proteinase,SARS coronavirus,Target is a single protein chain,P0C6U8,"J. Med. Chem. 49 (12), 3485-3495 (2006)",16759091,10.1021/jm050852f,N#Cc(c(-c1ccccc1)nc(SCC(Nc1cc(C(F)(F)F)ccc1)=O)n1)c1O,
eohRDH@LBILaE@@cIEDdhhmeEDdhmjdnMJiaejBAhjhNbHjb@@@,348844,=,200000,0.0002,M,IC50,3.698970004,0,0,0,,SARS coronavirus,20012,SARS coronavirus 3C-like proteinase,SARS coronavirus,Target is a single protein chain,P0C6U8,"J. Med. Chem. 49 (12), 3485-3495 (2006)",16759091,10.1021/jm050852f,CCCCc(cc1)cc(C)c1NC(CSc(nc1C2CCCCC2)nc(O)c1C#N)=O,
edZRDL@MOBabN`HaPHrBDfYWy]e[vvUvXDLlRJn^``bfh@bf`@jD@@@,348938,=,200000,0.0002,M,IC50,3.698970004,0,0,0,,SARS coronavirus,20012,SARS coronavirus 3C-like proteinase,SARS coronavirus,Target is a single protein chain,P0C6U8,"J. Med. Chem. 49 (12), 3485-3495 (2006)",16759091,10.1021/jm050852f,CC(C)c(cc1)ccc1NC(CSc1nccc(-c2csc(COc(cccc3)c3Cl)n2)n1)=O,
ffsA`@@LmdTTTTTrRRadxISkQCehF`jJjiJ`Z`@,314493,=,226700,0.0002267,M,IC50,3.64454848,0,0,0,,SARS coronavirus,20012,SARS coronavirus 3C-like proteinase,SARS coronavirus,Target is a single protein chain,P0C6U8,"Bioorg. Med. Chem. 20 (19), 5928-5935 (2012)",22884354,10.1016/j.bmc.2012.07.038,CC1C(C(C(c2c3ccc4c2CCCC4(C)C)=O)=O)=C3OC1,
fe{iRBLDdkh`qGL@QvY}dbbRTTNTTRrrtykMZBAhhFBJX@@@,348976,=,250000,0.00025,M,IC50,3.602059991,0,0,0,,SARS coronavirus,20012,SARS coronavirus 3C-like proteinase,SARS coronavirus,Target is a single protein chain,P0C6U8,"J. Med. Chem. 49 (12), 3485-3495 (2006)",16759091,10.1021/jm050852f,CCOC(c(cn1)c(N)nc1SCC(Nc(cc1)ccc1[N+]([O-])=O)=O)=O,
fi{qb@LDUHKPAFRJJIJIQYVYKIBLkQZtE@tUH@UD@@@,349431,=,300000,0.0003,M,IC50,3.522878745,0,0,0,,SARS coronavirus,20012,SARS coronavirus 3C-like proteinase,SARS coronavirus,Target is a single protein chain,P0C6U8,"J. Med. Chem. 49 (12), 3485-3495 (2006)",16759091,10.1021/jm050852f,CCOc(cc1)ccc1N(C(CC1Sc2nc(C)cc(C)n2)=O)C1=O,
fcoHa@NN|NRPQF`aIe][geYvUzLce^x@JZh@b`p@@@@,348802,=,300000,0.0003,M,IC50,3.522878745,0,0,0,,SARS coronavirus,20012,SARS coronavirus 3C-like proteinase,SARS coronavirus,Target is a single protein chain,P0C6U8,"J. Med. Chem. 49 (12), 3485-3495 (2006)",16759091,10.1021/jm050852f,CC(C(Nc(cc1)ccc1Cl)=O)Sc(nc1-c2ccccc2)nc(O)c1C#N,
eohZJHDLBILcaEAkg`@`zWnRfUYgvYU^{cRj[iZ``ZJ`C@HJX@@@,348922,=,300000,0.0003,M,IC50,3.522878745,0,0,0,,SARS coronavirus,20012,SARS coronavirus 3C-like proteinase,SARS coronavirus,Target is a single protein chain,P0C6U8,"J. Med. Chem. 49 (12), 3485-3495 (2006)",16759091,10.1021/jm050852f,COc1cccc(-c2nc(SCC(Nc(cc3)ccc3[N+]([O-])=O)=O)nc(O)c2C#N)c1,
eg`RDH@LBILaE@@cIEDdhhmeEDdelUIqiTMuMPPMEUAtDUQ@@@,348815,=,350000,0.00035,M,IC50,3.455931956,0,0,0,,SARS coronavirus,20012,SARS coronavirus 3C-like proteinase,SARS coronavirus,Target is a single protein chain,P0C6U8,"J. Med. Chem. 49 (12), 3485-3495 (2006)",16759091,10.1021/jm050852f,CC(C)(C)c(cc1)ccc1NC(CSc(nc1C2CCCCC2)nc(O)c1C#N)=O,
fcopb@LDdKh@cIEDdhhUMDdeldisRZe[PPMD@@@UT@@@,348816,=,400000,0.0004,M,IC50,3.397940009,0,0,0,,SARS coronavirus,20012,SARS coronavirus 3C-like proteinase,SARS coronavirus,Target is a single protein chain,P0C6U8,"J. Med. Chem. 49 (12), 3485-3495 (2006)",16759091,10.1021/jm050852f,CC(C)c(cc1)ccc1NC(CSc1nc(-c(cc2)ccc2OC)ccn1)=O,
fasqA`AN|hDPrPLDUdFrGYCHhdhTidhdhmISdTpAEMP@UT@@@,349432,=,500000,0.0005,M,IC50,3.301029996,0,0,0,,SARS coronavirus,20012,SARS coronavirus 3C-like proteinase,SARS coronavirus,Target is a single protein chain,P0C6U8,"J. Med. Chem. 49 (12), 3485-3495 (2006)",16759091,10.1021/jm050852f,Cc1nc(SCC(Nc(ccc(Cl)c2)c2F)=O)nc(C(F)(F)F)c1,
fncHRBLDdTRjm@DEeoISJlsZ{\tgMA@tU@AL@@@,349433,>,1000000,0.001,M,IC50,3,0,0,0,,SARS coronavirus,20012,SARS coronavirus 3C-like proteinase,SARS coronavirus,Target is a single protein chain,P0C6U8,"J. Med. Chem. 49 (12), 3485-3495 (2006)",16759091,10.1021/jm050852f,Cc(c(C)nc(SCC(Nc(cc1)ccc1[N+]([O-])=O)=O)n1)c1O,
